source,category,identifier,title_or_query,detail,mitre_id,attack_stage,severity,extra_metric
Shodan,Infrastructure Exposure,ldap_rootdse,"port:389 ""namingContexts""",27694 indexed hosts found,T1595,Reconnaissance / Initial Access,medium,27694
Shodan,Infrastructure Exposure,ldaps_certs,port:636 ssl.cert.subject.CN:dc*,86 indexed hosts found,T1595,Reconnaissance / Initial Access,medium,86
Shodan,Infrastructure Exposure,global_catalog,port:3268,540317 indexed hosts found,T1595,Reconnaissance / Initial Access,high,540317
Shodan,Infrastructure Exposure,kerberos_88,"port:88 product:""Microsoft Windows"" -google -microsoft",0 indexed hosts found,T1595,Reconnaissance / Initial Access,low,0
Shodan,Infrastructure Exposure,smb_445,"port:445 os:""Windows Server"" -google -microsoft",108752 indexed hosts found,T1595,Reconnaissance / Initial Access,high,108752
VirusTotal,Tool Reputation,9931e7e40cdbeb4aa86eaf0a9e601334db8f850c729a5037d484b5126cef8375,SharpDPAPI.exe,peexe; assembly; detect-debug-environment; long-sleeps,,Tooling / Execution,high,43/71 (60.6%)
VirusTotal,Tool Reputation,a5e02e81d3e051516eae6548ec44a24be6363099dcf531d2c2d062cd8afb39c2,RunasCs.exe,peexe; assembly,,Tooling / Execution,high,45/71 (63.4%)
VirusTotal,Tool Reputation,b1c9f86c2715b984749012eb27fc0b1c9e9ae5b92a43991d4ee57bcf54d35daa,SharpChisel.exe,peexe; assembly,,Tooling / Execution,high,50/70 (71.4%)
VirusTotal,Tool Reputation,60d99cc226b87a11ad4741602e5451f6525a58a9717fc02bf1205cd97cded0d2,SharpSCCM.exe,peexe; assembly,,Tooling / Execution,high,36/71 (50.7%)
VirusTotal,Tool Reputation,bcb3d5a0e793b98c3e5fb4a84981bd868c12c0d41971c8bb6ce16024206a1386,SharpShares.exe,assembly; peexe,,Tooling / Execution,high,37/67 (55.2%)
VirusTotal,Tool Reputation,87c96e5d650e67d985bdbb2bf4be55c94f8b967b180d45c1c073cbcd57cf1ddb,SharpSpray.exe,direct-cpu-clock-access; peexe; runtime-modules; assembly; detect-debug-environment,,Tooling / Execution,high,41/71 (57.7%)
VirusTotal,Tool Reputation,c875cee3b25396e4be52ea0fc71a166249d995ace395944cda2710fa42501fcd,SharpZeroLogon.exe,cve-2020-1472; peexe; exploit; assembly,,Tooling / Execution,high,39/61 (63.9%)
VirusTotal,Tool Reputation,ee680b8bc12bb26c91fcf4826645082107f9ab17b5d6c3c0c2b0ec5cf12c5fa3,Sharp-SMBExec.exe,peexe; assembly; detect-debug-environment; long-sleeps,,Tooling / Execution,medium,24/71 (33.8%)
VirusTotal,Tool Reputation,aaeb69f93cfbbcb481b50157531d1f8a38fb13723262d49fe3a945361ba5a8b1,Rubeus.exe,long-sleeps; assembly; detect-debug-environment; peexe,,Tooling / Execution,high,56/69 (81.2%)
VirusTotal,Tool Reputation,7e540bf2ea005987a2eadc1ed30129cda0880ea894ed07f97e30abfcbfbe397a,SauronEye.exe,assembly; peexe; detect-debug-environment,,Tooling / Execution,medium,27/71 (38.0%)
VirusTotal,Tool Reputation,ca16e87c3ffc6496a23618ff180b0a57ec07e290207d47e8dc7489a208bf4d85,SharpChromium.exe,assembly; peexe,,Tooling / Execution,high,51/72 (70.8%)
VirusTotal,Tool Reputation,ff79a9f545d1f12ca8bd3a02e2a48da78a0400cce7849bd6cd26ba1a1e8f48c4,_RunasCs.exe,long-sleeps; peexe; assembly; detect-debug-environment,,Tooling / Execution,high,37/61 (60.7%)
VirusTotal,Tool Reputation,f504340404e40fea29f2beb71c114ce3d310ca80631aff7c0f0c19198da897d4,KrbRelayUp.exe,assembly; spreader; peexe,,Tooling / Execution,high,53/70 (75.7%)
VirusTotal,Tool Reputation,a2b402f23bed2afebdda5ca21f7bc705a021ad86a35676cd3b55c7aa56406e0f,SearchOutlook.exe,peexe; assembly; runtime-modules; detect-debug-environment; direct-cpu-clock-access,,Tooling / Execution,medium,29/70 (41.4%)
VirusTotal,Tool Reputation,ae2bed75480f578573b7cdb5e7c48cbbaf6012171eb4d9faf9d147aa8ea793e5,SharpBypassUAC.exe,peexe; assembly,,Tooling / Execution,high,52/72 (72.2%)
VirusTotal,Tool Reputation,b1aa3540d33e0d73cfb1d7f4a1f0eacd23fb111f163ac0a53fed0692297c1601,Seatbelt.exe,detect-debug-environment; peexe; assembly; idle,,Tooling / Execution,high,44/58 (75.9%)
VirusTotal,Tool Reputation,3951c1b03367cc1dc4de8290ec9507dad9f239a53b815f09691dea5a78c00901,SafetyKatz.exe,peexe; spreader; assembly,,Tooling / Execution,high,56/68 (82.4%)
VirusTotal,Tool Reputation,3f36b21b75831e34168376a259a0d7ef5f35f7559ca9d9fdc19857d04edc8f09,SharpChrome.exe,peexe; assembly,,Tooling / Execution,high,46/71 (64.8%)
VirusTotal,Tool Reputation,e4ae0aec069aa237c5408c25c838464a65f7ca4e87453e6191f0629909fb2dfa,SharpDump.exe,peexe; assembly,,Tooling / Execution,high,58/70 (82.9%)
VirusTotal,Tool Reputation,903039ad3201c5a0b21e621f58438581d81574b9872d79bb30526a0dd9f40cd5,SharpSCOM.exe,detect-debug-environment; long-sleeps; assembly; peexe,,Tooling / Execution,medium,14/71 (19.7%)
VirusTotal,Tool Reputation,117c8de4a48573eb06b43375ab75d9fafe5e0c9d4af5c9c125e11c32b6e5d339,SharpKatz.exe,assembly; peexe,,Tooling / Execution,high,48/67 (71.6%)
VirusTotal,Tool Reputation,45ea038d3721285f2759d8c8f3740cbb9cb9400a0cf76d11d84e089bd99ed1a9,StickyNotesExtract.exe,detect-debug-environment; direct-cpu-clock-access; runtime-modules; assembly; long-sleeps; peexe,,Tooling / Execution,high,48/70 (68.6%)
VirusTotal,Tool Reputation,a90da0700c52a61df4e73e4b42cd3a79a5de2577f707b267530bea1a19621d7b,SharpPrinter.exe,peexe; detect-debug-environment; idle; assembly,,Tooling / Execution,high,35/57 (61.4%)
VirusTotal,Tool Reputation,e2d0c91968d56142db2f565f13f66dfc9360c1833321198151980824b7467358,Watson.exe,peexe; calls-wmi; assembly,,Tooling / Execution,high,47/70 (67.1%)
VirusTotal,Tool Reputation,e13fb4de4c665b8ff126030cfcf8088e3180cdbab1f7b09c5c75c3ef140d13e7,KrbRelay.exe,cve-2021-36934; assembly; peexe; cve-2021-1675; exploit; detect-debug-environment; long-sleeps,,Tooling / Execution,high,39/71 (54.9%)
VirusTotal,Tool Reputation,21dfe3211f5c82600a9a39d641bad85bcf30ddd6b04295947a520691bb32331a,SharpEDRChecker.exe,assembly; peexe; calls-wmi; idle; detect-debug-environment,,Tooling / Execution,high,37/71 (52.1%)
VirusTotal,Tool Reputation,bde38d20d4eb1a86cc38a81cc92861b3d366210af570ecb6fea93ac1060eaa7d,Snaffler.exe,assembly; peexe,,Tooling / Execution,high,50/73 (68.5%)
VirusTotal,Tool Reputation,1383e8bca90e4be70ff2224b7e2af465a8f3d5bede1fde60f1ece71e3b02d346,Certify.exe,peexe; assembly,,Tooling / Execution,high,49/69 (71.0%)
VirusTotal,Tool Reputation,0a06de28c3a50a4370f222b90e280db2036ce26f2d8f538d2d44bb8c10eeaaf0,StandIn.exe,peexe; assembly; detect-debug-environment,,Tooling / Execution,high,38/71 (53.5%)
VirusTotal,Tool Reputation,ba79ae8b463c6521428eba99cad2cbf99e37290ecac9c16b2d06b3bc954524b8,Whisker.exe,assembly; peexe; detect-debug-environment,,Tooling / Execution,medium,34/72 (47.2%)
VirusTotal,Tool Reputation,2b4fc3369d0844f949e23fc14458713e321fb415f4b293c6e08a3316d7845e3e,SharpWMI.exe,assembly; peexe,,Tooling / Execution,medium,33/71 (46.5%)
VirusTotal,Tool Reputation,dd5cf872e354f8beadb22b9a5f46ed1b15c6c1a2aa5f7dfa8a2c39238b494b32,SharpGPOAbuse.exe,peexe; assembly; spreader,,Tooling / Execution,high,37/71 (52.1%)
VirusTotal,Tool Reputation,4e8fe522fb8264db6a4102c5a74c3ca1fd5d1ab7dd8b2e6806123ca6f5cbf3f4,SharpHose.exe,assembly; peexe; detect-debug-environment; long-sleeps,,Tooling / Execution,high,41/69 (59.4%)
VirusTotal,Tool Reputation,f72724075016f58044a1a2ba1fa845fa82f3be1149daa88a3876c11ebe9bb576,SharpHound.exe,peexe; assembly,,Tooling / Execution,high,50/71 (70.4%)
VirusTotal,Tool Reputation,acfb4550444f4af9fb4cb17b4d654f89ed5dbf92d60f5be1383cf722aa266c77,SharpSuccessor.exe,assembly; spreader; peexe,,Tooling / Execution,high,42/71 (59.2%)
VirusTotal,Tool Reputation,5e89b585f99714119757c96e2ec7d2b2ef542950025a97841ea32852b4252ae5,SharpMapExec.exe,spreader; detect-debug-environment; assembly; obfuscated; peexe,,Tooling / Execution,high,47/69 (68.1%)
VirusTotal,Tool Reputation,7372d0b75d0e1e78951d47c88fdba0bf2f04eedf7b12dde37afb87d2622b6426,SharpCOM.exe,peexe; assembly,,Tooling / Execution,high,31/55 (56.4%)
VirusTotal,Tool Reputation,5f20217b95a128e33a5a544c6f0af5343c426e976c773eb762d87afeb2c735ab,SharpUp.exe,detect-debug-environment; peexe; long-sleeps; idle; assembly,,Tooling / Execution,high,43/59 (72.9%)
VirusTotal,Tool Reputation,91fc703c797ae6532a64885110d7f0796499ce4623df43cec34fc4cd9deec1ef,SharpSQLPwn.exe,assembly; peexe,,Tooling / Execution,high,47/71 (66.2%)
VirusTotal,Tool Reputation,40f97086040de9fa1a051766b0df8a0fe912c4d2bce2d5717108c1a32e96cb5b,GMSAPasswordReader.exe,assembly; peexe; detect-debug-environment,,Tooling / Execution,high,43/70 (61.4%)
VirusTotal,Tool Reputation,ebf9bf76500715fe20c475140d200e76b51c400406683827eabb2ab70f9f986f,Inveigh.exe,assembly; peexe; spreader,,Tooling / Execution,high,53/70 (75.7%)
Impacket-IoCs,Kerberos and ticketing,IOC-02,AS-REQ requested lifetime has `till == rtime == now + 1 day`,Kerberos AS-REQ network telemetry,T1558,Credential Access / Persistence,high,
Impacket-IoCs,Kerberos and ticketing,IOC-03,Sparse/Mismatched AS-REQ encryption type lists,Kerberos AS-REQ network telemetry,T1558,Credential Access / Persistence,high,
Impacket-IoCs,Kerberos and ticketing,IOC-04,"`GetNPUsers.py` AS-REP roast request starts RC4-only, then retries AES",Kerberos AS-REQ/KDC error telemetry,T1558.003,Credential Access / Persistence,high,sers.py
Impacket-IoCs,Kerberos and ticketing,IOC-06,S4U2Proxy TGS-REQ always adds RBCD `PA-PAC-OPTIONS` and Does not check `S4UTicketLifetime`,Kerberos TGS-REQ network telemetry,T1558,Credential Access / Persistence,high,
Impacket-IoCs,Kerberos and ticketing,IOC-09,`ticketer.py` forged silver tickets do not have pac types 16 and 19 set,"Kerberos ticket inspect ion, service-side PAC/ticket validation logs where decrypted, endpoint ticket cache forensics","T1558.001, T1550.003",Credential Access / Persistence,high,"pac.py, ticketer.py"
Impacket-IoCs,Kerberos and ticketing,IOC-10,"`ticketer.py` PAC has fixed `LogonCount = 500`, empty `LogonServer`, and default admin-heavy group RIDs","PAC inspection, service-side ticket validation with key access, forensic parsing of kirbi/ccache artifacts","T1558.001, T1550.003",Credential Access / Persistence,high,ticketer.py
Impacket-IoCs,Kerberos and ticketing,IOC-11,`ticketer.py` writes KDC reply nonce `123456789` into forged EncRepPart,"Ticket cache / kirbi / ccache forensic parsing, decrypted EncASRepPart or EncTGSRepPart","T1558.001, T1550.003",Credential Access / Persistence,high,ticketer.py
Impacket-IoCs,Kerberos and ticketing,IOC-12,`raiseChild.py` forged parent access injects Enterprise Admin SID `-519` as an ExtraSid,"PAC inspection, cross-domain Kerberos ticket validation, privileged access investigations",T1134.005,Credential Access / Persistence,high,hild.py
Impacket-IoCs,NTLM and SPNEGO,IOC-25,`ntlmrelayx` LDAP computer creation: 8 uppercase letters plus `$`,"LDAP add, AD object creation, DC logs","T1136.002, T1557.001",Credential Access / Persistence,high,ntlmrelayx
Impacket-IoCs,LDAP and Active Directory objects,IOC-35,`BadSuccessor.py` creates dMSAs named `dMSA-<8 uppercase alnum>` with fixed migration attributes,"LDAP add/modify logs, AD object attributes, directory change monitoring",T1098,Credential Access / Persistence,high,"badsuccessor.py, uccessor.py"
Impacket-IoCs,LDAP and Active Directory objects,IOC-36,`addcomputer.py` default computer objects use `DESKTOP-[A-Z0-9]{8}$`,"AD object attributes, LDAP add events, Windows security event 4741, directory replication logs",T1136.002,Credential Access / Persistence,high,addcomputer.py
Impacket-IoCs,"DCE/RPC, DCOM, and WMI",IOC-38,"DCE/RPC SCMR sets MachineName to ""DUMMY"" when accessing SCManager",DCE/RPC/SCMR Accessing SCManager,T1569.002,Credential Access / Persistence,high,
Impacket-IoCs,Example-script execution artifacts,IOC-51,"`psexec.py` RemCom named pipes, including typoed main pipe","Named pipe telemetry, SMB create/open events, Sysmon Event ID 17/18, Zeek/Snort etc","T1569.002, T1021.002",Credential Access / Persistence,high,"RemCom, psexec.py"
Impacket-IoCs,Example-script execution artifacts,IOC-52,Random 4-letter service name and random 8-letter `.exe`,"Windows service creation logs, Security 4697, System 7045, EDR service telemetry","T1569.002, T1036.005",Credential Access / Persistence,high,
Impacket-IoCs,Example-script execution artifacts,IOC-53,`smbexec.py` `__output_<8 letters>` and `%SYSTEMROOT%\<8 letters>.bat`,"Service command line, process command line, filesystem, SMB file telemetry",T1021.002,Credential Access / Persistence,high,smbexec.py
Impacket-IoCs,Example-script execution artifacts,IOC-54,`atexec.py` scheduled task has fixed 2015 `StartBoundary`,"Task Scheduler Operational logs, Security process events, SMB reads/deletes",T1053.005,Credential Access / Persistence,high,atexec.py
Impacket-IoCs,Example-script execution artifacts,IOC-55,`wmipersist.py` permanent WMI subscription names `EF_<name>` and `TI_<name>`,"WMI repository, Sysmon WMI events, WMI-Activity ETW/Event Viewer",T1546.003,Credential Access / Persistence,high,wmipersist.py
Impacket-IoCs,Example-script execution artifacts,IOC-56,`dcomexec.py` writes command output to `\\127.0.0.1\<share>\__<epoch-prefix>`,"WMI/DCOM-created process command line, Sysmon process creation, Windows 4688, SMB ADMIN$ file access",T1021.003,Credential Access / Persistence,high,dcomexec.py
Impacket-IoCs,Example-script execution artifacts,IOC-58,RemCom `Machine` field is random four-letter ASCII,"SMB named pipe payload inspection, endpoint telemetry from RemCom-style service execution, full packet capture with SMB payload visibility",T1021.002,Credential Access / Persistence,high,RemCom
Impacket-IoCs,"secretsdump, DRSUAPI, and VSS",IOC-59,`secretsdump.py` DRSBind advertises `dwExtCaps = 0xffffffff`,"DRSUAPI RPC traffic, DC replication telemetry",T1003.006,Credential Access / Persistence,high,secretsdump.py
Impacket-IoCs,"secretsdump, DRSUAPI, and VSS",IOC-60,`secretsdump.py` DRSGetNCChanges requests one object with zero USNs,"DRSUAPI RPC traffic, DC replication telemetry",T1003.006,Credential Access / Persistence,high,secretsdump.py
Impacket-IoCs,"secretsdump, DRSUAPI, and VSS",IOC-61,`secretsdump.py` VSS method uses predictable `vssadmin` and temp-copy sequence,"Process command line on DCs, service execution telemetry",T1003.003,Credential Access / Persistence,high,secretsdump.py
Impacket-IoCs,"secretsdump, DRSUAPI, and VSS",IOC-62,`keylistattack.py` / `secretsdump.py` sends `KERB-KEY-LIST-REQ [161]` for `krbtgt` with RC4-only requested key list,"Kerberos TGS-REQ packet capture, KDC telemetry","T1558.002, T1003.006",Credential Access / Persistence,high,"keylistattack.py, secretsdump.py"
